{"Vote": {"accuracy": 0.49933911091713945, "stdev": 0.13168034610580054}, "Kneigh": {"accuracy": 0.4838058194688907, "stdev": 0.044870901697710165}, "MLP": {"accuracy": 0.4735944916317757, "stdev": 0.1377104569257474}, "Naive Bayes": {"accuracy": 0.3174996522898512, "stdev": 0.14497807142598007}}